quantity,value,total_unc,stat_unc,syst_unc
"mu (set b, 3D refit, m_H floating)",0.9031648151952458,0.1794058508716499,0.1714448329900104,0.05108048922463275
m_H [GeV] (set b),124.96391490347845,0.39202457921118167,0.3888964460448351,0.051007168054203196
mu (set a),0.8899319565490794,0.1878426965564446,0.1699417902333108,0.07629255899542581
m_H [GeV] (set a),124.96040220051832,0.3934952512475257,0.3903113631612494,0.05152687568563791
significance observed,8.46017777818346,,,
significance expected,10.081003265559755,,,
GoF p-value (saturated),0.4215885947046843,0.022285485742638955,,
"scale_shift muon (data-weighted average, RESULT.json)",-0.01993228948063292,0.0003670491157513663,,
"smear muon (data-weighted average, RESULT.json)",0.011564530826241152,0.00046788405076772987,,
"sel_eff muon (data-weighted average, RESULT.json)",0.9940694699100676,0.0017788518220975022,,
"scale shift muon (45 GeV, 1.2)",-0.02029742447189348,0.0003730797756727271,,
"smear muon (45 GeV, 1.2)",0.01090087676822546,0.0006056921802491424,,
"efficiency SF muon (45 GeV, 1.2)",0.994075449591115,0.00019298604479125374,,
"scale_shift electron (data-weighted average, RESULT.json)",-0.019874134265424673,0.0004923007231676001,,
"smear electron (data-weighted average, RESULT.json)",0.011278459312216445,0.002147845343148994,,
"sel_eff electron (data-weighted average, RESULT.json)",1.000426688657938,0.003071817243891777,,
"scale shift electron (45 GeV, 1.2)",-0.020170809121421808,0.0005032898902824737,,
"smear electron (45 GeV, 1.2)",0.00971966746345185,0.0026550263708528545,,
"efficiency SF electron (45 GeV, 1.2)",1.0005167294899853,0.0004648633073495405,,
eff_correction 4mu,0.9870717216782662,,,
eff_correction 4e,1.007859113139613,,,
eff_correction 2e2mu,0.9975074339992352,,,
eff_correction inclusive,0.9959059729649274,,,
